, , ,Name ,Score ,Team ,Age ,When , ,
0,,1,JustALuke,9320,HyperX,14-18,25 days ago,Battle!,
1,,2,turnaround,8001,,Open,4 years ago,Battle!,
2,,3,dlxx,7693,Nushs,Open,7 years ago,Battle!,
3,,4,awesomeguyisawesome,7644,,14-18,a year ago,Battle!,
4,,5,luke1990,7585,,Open,2 years ago,Battle!,
5,,6,Feanor123,7433,Cool Players,Open,a year ago,Battle!,
6,,7,evanrosario11,7186,,Open,4 years ago,Battle!,
7,,8,ShadowReduction,7158,Dragonborn,Open,4 years ago,Battle!,
8,,9,S1D17ÊûóÊôâÊØÖ,7094,S1 D,Open,2 years ago,Battle!,
9,,10,Ryan Chen2,7091,The Slayers,Open,3 years ago,Battle!,
10,,11,playtest,7070,,Open,3 years ago,Battle!,
11,,12,Shininglice,7067,HyperX,14-18,2 years ago,Battle!,
12,,13,shorefire,7046,,Open,3 years ago,Battle!,
13,,14,PeterPalov,7036,Shadow Warlocks,11-14,a year ago,Battle!,
14,,15,CODE BOY2,7012,The Kith Kin Guard,Open,3 years ago,Battle!,
15,,16,darklord197,7008,The Slayers,Open,5 years ago,Battle!,
16,,17,Nick,6967,HyperX,Open,6 months ago,Battle!,
17,,18,ming_hao,6948,,Open,6 years ago,Battle!,
18,,19,Gab1234,6924,The Slayers,Open,5 years ago,Battle!,
19,,20,C“âa“âp“ât“âa“âi“ân“â J“âe“âr“âm“â E“âg“âg“â,6904,Gators,Open,3 years ago,Battle!,
20,,21,kswuest,6832,HyperX,Open,a month ago,Battle!,
21,,22,Jason Lin5,6811,HyperX,0-11,6 months ago,Battle!,
22,,23,Uzumaki Naruto55‚Ñ¢,6782,The Slayers,Open,a year ago,Battle!,
23,,24,RandomGuy123456789,6765,Team Ned,Open,7 months ago,Battle!,
24,,25,ICE-0838,6691,ICE Challenge 2023 HK Screening Round,11-14,a month ago,Battle!,
25,,26,IMMA COW,6181,,Open,23 days ago,Battle!,
26,,27,JWH,6117,The One Language,14-18,2 years ago,Battle!,
27,,28,Smash,6049,,Open,8 years ago,Battle!,
28,,29,ThatOneLuke,6018,HyperX,14-18,a year ago,Battle!,
29,,30,Chronist Gilverbrind,6015,Whovians UNITE!!,Open,8 years ago,Battle!,
30,,31,pjk,5753,HyperX,Open,2 months ago,Battle!,
31,,32,DimaP,5627,Cool Players,Open,3 years ago,Battle!,
32,,33,AnswerAccepted,5520,Mr. Tong Pak Hin ÂîêÊüèËªí,14-18,a month ago,Battle!,
33,,34,DarthNato,5446,,Open,5 years ago,Battle!,
34,,35,fatBeaver,5442,,Open,2 years ago,Battle!,
35,,36,lalalalal,5430,,Open,2 years ago,Battle!,
36,,37,Agathanar,5246,Whittaker,Open,8 years ago,Battle!,
37,,38,Wizard Dude,5241,,Open,8 years ago,Battle!,
38,,39,k_k_javascript,5162,,Open,a month ago,Battle!,
39,,40,mercurym,5124,HyperX,0-11,2 months ago,Battle!,
40,,41,Jex,5011,,Open,8 years ago,Battle!,
41,,42,your2feet,4965,,Open,3 years ago,Battle!,
42,,43,GE_Student,4954,GE_Team,11-14,a month ago,Battle!,
43,,44,L07,4939,The Slayers,Open,3 years ago,Battle!,
44,,45,Chicken Dinner,4922,,Open,5 years ago,Battle!,
45,,46,trotod,4871,Dihydrogen Monoxide,Open,8 years ago,Battle!,
46,,47,Mr. Fan,4822,HyperX,Open,25 days ago,Battle!,
47,,48,ICE-KLNS-0356,4816,ICE Challenge 2022 Kowloon Screening Round,14-18,a year ago,Battle!,
48,,49,solarflare,4763,,Open,8 years ago,Battle!,
49,,50,JavaScripter1,4753,,Open,8 years ago,Battle!,
50,,51,ICE-MOS-1101,4735,ICE Challenge 2022 Macau Screening Round,14-18,a year ago,Battle!,
51,,52,ICE-MOS-1095,4694,ICE Challenge 2022 Macau Screening Round,11-14,a year ago,Battle!,
52,,53,ICE-MOS-1100,4667,ICE Challenge 2022 Macau Screening Round,14-18,a year ago,Battle!,
53,,54,pigs_fly101,4616,Forest Fighters,Open,2 months ago,Battle!,
54,,55,2C27 Yeung Yue Charles,4610,F2C 22-23 Code Combat,Open,25 days ago,Battle!,
55,,56,NicolaeSPotgieter,4600,,Open,a year ago,Battle!,
56,,57,Ron_Guy,4582,,Open,7 years ago,Battle!,
57,,58,sunniee,4573,,Open,4 years ago,Battle!,
58,,59,Gold AI,4565,Ai,Open,8 years ago,Battle!,
59,,60,eagleclaw774,4556,The Slayers,Open,5 years ago,Battle!,
60,,61,ScherKhan,4544,Faze Clan,Open,5 years ago,Battle!,
61,,62,ICE-MOP-1120,4533,HyperX,11-14,a year ago,Battle!,
62,,63,[Legend]ü¶â|Bƒ±≈ôƒëƒû√∏ƒè‚Ñ¢|„ÉÑ,4523,,Open,2 days ago,Battle!,
63,,64,oolimry,4514,Nushs,Open,6 years ago,Battle!,
64,,65,WeaselWarrior,4513,,Open,4 years ago,Battle!,
65,,66,ICE-MOS-1090,4467,ICE Challenge 2022 Macau Screening Round,14-18,a year ago,Battle!,
66,,67,chen02,4466,HyperX,Open,a month ago,Battle!,
67,,68,wrdctr,4450,,Open,8 years ago,Battle!,
68,,69,Gordon2012,4437,,Open,8 years ago,Battle!,
69,,70,Player Player,4428,,Open,7 years ago,Battle!,
70,,71,akito@kazuki,4427,The Slayers,Open,7 years ago,Battle!,
71,,72,Monkey-X,4422,,Open,7 years ago,Battle!,
72,,73,SonOfNemoy,4407,Whittaker,Open,8 years ago,Battle!,
73,,74,Javfun,4373,,Open,7 years ago,Battle!,
74,,75,Justin B,4363,Pd 8 - Tech Systems,Open,4 years ago,Battle!,
75,,76,-Abaddon-,4361,,Open,2 years ago,Battle!,
76,,77,Akakaras(PythonÂàùÂ≠∏ËÄÖ),4324,,Open,8 years ago,Battle!,
77,,78,korosensei24,4316,Dragonborn,14-18,2 years ago,Battle!,
78,,79,zapwaz,4316,The Ashes,Open,a year ago,Battle!,
79,,80,NightBeast0,4315,,Open,3 years ago,Battle!,
80,,81,tcscen-michaelm,4313,Mmmmmmmmmmmmmmmmmmmm,Open,7 months ago,Battle!,
81,,82,ICE-NTS-0740,4312,HyperX,11-14,a year ago,Battle!,
82,,83,dismister,4295,,Open,8 years ago,Battle!,
83,,84,carp7,4286,,Open,4 years ago,Battle!,
84,,85,gon(code),4283,The Slayers,Open,3 years ago,Battle!,
85,,86,vivek3456,4281,The Slayers,Open,5 years ago,Battle!,
86,,87,leotheturtle,4229,HyperX,Open,2 years ago,Battle!,
87,,88,patience_reloaded,4229,,Open,5 years ago,Battle!,
88,,89,Staal,4227,The Slayers,Open,8 years ago,Battle!,
89,,90,robot317,4203,HyperX,11-14,2 years ago,Battle!,
90,,91,birdofpray,4191,Defenders Of The Diamondback,Open,a year ago,Battle!,
91,,92,zachadam08,4187,Bennetts,Open,3 years ago,Battle!,
92,,93,Derek090,4179,The Slayers,Open,4 years ago,Battle!,
93,,94,J,4177,,Open,3 years ago,Battle!,
94,,95,shiwei.schneider,4171,Shiwei,Open,2 years ago,Battle!,
95,,96,–ü—É—à–∏—Å—Ç—ã–π –ú–∏–ª—ã–π –ü—Ä–æ–≥—Ä–∞–º–º–∏—Å—Ç,4160,,Open,2 months ago,Battle!,
96,,97,JoelFPotgieter,4154,,Open,a year ago,Battle!,
97,,98,Hardy Lan,4139,The Slayers,Open,5 years ago,Battle!,
98,,99,konstantys,4137,Ace Of Coders,Open,4 years ago,Battle!,
99,,100,WildFire Reborn,4137,The Slayers,Open,7 years ago,Battle!,
100,,101,ICE-TWS-VICTORKANG69,4136,AI4kids_Staff01,11-14,a year ago,Battle!,
101,,102,dtran24,4129,,Open,5 years ago,Battle!,
102,,103,–Æ—Å–∏–∫—É—Å,4125,Ike,0-11,9 months ago,Battle!,
103,,104,aads,4104,The Slayers,Open,4 years ago,Battle!,
104,,105,ICE-HKS-0049,4102,ICE Challenge 2022 Hong Kong Island Screening Round,14-18,a year ago,Battle!,
105,,106,dangkynic_cq23.ict.vn-gmail.com,4101,ICANTECH - ƒê·∫•u Tr∆∞·ªùng Danh V·ªçng,11-14,a month ago,Battle!,
106,,107,D3EEP,4093,Villain Slayers,Open,a year ago,Battle!,
107,,108,q4,4081,,Open,7 years ago,Battle!,
108,,109,SmoothDJay,4079,,Open,17 days ago,Battle!,
109,,110,tigerjade003,4062,The Slayers,Open,2 years ago,Battle!,
110,,111,Steam Jobs,4057,SST INC Sec 2s,Open,8 years ago,Battle!,
111,,112,Steven dragon cleaver,4057,Team Lighting,Open,3 months ago,Battle!,
112,,113,markw3288,4053,Dragonborn,Open,7 months ago,Battle!,
113,,114,bill54,4046,Defenders Of The Diamondback,Open,7 years ago,Battle!,
114,,115,RuslanRuslan,4035,Team DerBezt,Open,a year ago,Battle!,
115,,116,gogogogogo12,4027,Seeweeddr,Open,2 years ago,Battle!,
116,,117,DaBeast45,4027,HyperX,Open,7 months ago,Battle!,
117,,118,smloh,4025,Fantastic Fabulous Feeple,Open,2 years ago,Battle!,
118,,119,KalPa1,4018,The Slayers,Open,3 years ago,Battle!,
119,,120,2sls,4014,HyperX,Open,7 months ago,Battle!,
120,,121,Broccoli14,4002,HyperX,14-18,a year ago,Battle!,
121,,122,ICE-0072,3997,ICE Challenge 2023 HK Screening Round,0-11,25 days ago,Battle!,
122,,123,ICE-KLNS-0488,3996,ICE Challenge 2022 Kowloon Screening Round,14-18,a year ago,Battle!,
123,,124,Zeus-King,3987,HyperX,Open,9 months ago,Battle!,
124,,125,Everett H the Master,3984,The Slayers,Open,5 years ago,Battle!,
125,,126,0bsessive,3983,Sj500,Open,6 years ago,Battle!,
126,,127,RicticTheCoder,3983,Coding...Plz Do Not Disturb,Open,5 years ago,Battle!,
127,,128,–∫–æ—Ç–∏–∫42717,3982,,Open,a year ago,Battle!,
128,,129,pasestars,3978,Ace Of Coders,Open,5 years ago,Battle!,
129,,130,haroldhuang,3977,Greg Heffley,Open,4 years ago,Battle!,
130,,131,Joe Musashi,3969,Coders Of The Long Dark,Open,5 years ago,Battle!,
131,,132,nikowoot,3967,SoCoode,Open,7 years ago,Battle!,
132,,133,HanSolo22,3964,Werewolves,Open,8 years ago,Battle!,
133,,134,informaticaconveronica0.,3962,,Open,2 years ago,Battle!,
134,,135,drmike51,3947,The Slayers,Open,5 years ago,Battle!,
135,,136,YEE_MASTER,3946,Sillybuttfoulbeast,Open,2 years ago,Battle!,
136,,137,Erasme,3943,,Open,8 years ago,Battle!,
137,,138,junseii,3942,The Slayers,Open,2 years ago,Battle!,
138,,139,AdrianCgw,3932,Makers Clan,Open,8 years ago,Battle!,
139,,140,fltt,3924,Ninja Totoro,Open,a year ago,Battle!,
140,,141,koolioolio,3923,,Open,6 years ago,Battle!,
141,,142,ambessonov,3922,Alexanders' Clan,14-18,2 years ago,Battle!,
142,,143,stu.tungpd.01258,3922,GE_Army,Open,5 months ago,Battle!,
143,,144,Zach0808,3917,Dragonborn,Open,3 years ago,Battle!,
144,,145,zegr81,3909,HyperX,Open,2 years ago,Battle!,
145,,146,TheGreatSage,3905,The Slayers,Open,5 years ago,Battle!,
146,,147,kyay10,3893,The Slayers,Open,6 years ago,Battle!,
147,,148,ryoto,3888,Faze Clan,Open,9 months ago,Battle!,
148,,149,Dylan,3883,Dylan Kwan,Open,2 years ago,Battle!,
149,,150,PotatoPotLover,3878,Clan Of Warriors1,Open,3 years ago,Battle!,
150,,151,mpkimura,3866,,Open,10 months ago,Battle!,
151,,152,JANITO777,3861,Dragonborn,Open,6 years ago,Battle!,
152,,153,Lock9,3861,,Open,8 years ago,Battle!,
153,,154,Wawa Yang,3860,HyperX,11-14,2 months ago,Battle!,
154,,155,AlphaHorizonYT,3860,"A.R.M.Y , Ikonik And Blinks",Open,2 years ago,Battle!,
155,,156,S‚±ß‚Ç≥D√òW,3850,The Slayers,Open,2 years ago,Battle!,
156,,157,Luffy15,3849,The Slayers,14-18,2 years ago,Battle!,
157,,158,IE0085_Ëë£ÊòäÁ¶π,3846,2023CodeQuestÂè∞ÁÅ£È†êÈÅ∏Ë≥ΩÂÜ¨Â≠£Ë≥Ω-ÂàùË≥Ω,Open,25 days ago,Battle!,
158,,159,unicorngundam,3844,Dragonborn,Open,6 years ago,Battle!,
159,,160,snowcrash54,3842,Hennessy Hunters,Open,3 years ago,Battle!,
160,,161,Shadow1400,3841,Hackers7841,Open,3 years ago,Battle!,
161,,162,Crusher111700,3838,The Slayers,Open,7 years ago,Battle!,
162,,163,Alkatu,3837,,Open,5 years ago,Battle!,
163,,164,TheSavageCoder,3833,The Society,Open,6 years ago,Battle!,
164,,165,Stephan,3818,The Insane Eagle,Open,8 years ago,Battle!,
165,,166,anthony_gaudino,3814,,Open,3 years ago,Battle!,
166,,167,SqueakySign,3813,,Open,2 years ago,Battle!,
167,,168,eleow,3808,Team Ned,Open,2 years ago,Battle!,
168,,169,Panda 12,3805,,Open,6 years ago,Battle!,
169,,170,PythonLion,3804,The Slayers,Open,5 years ago,Battle!,
170,,171,Froudd the guarddian,3804,Les Protecteurs,Open,7 years ago,Battle!,
171,,172,HonestDragon,3799,Dragonborn,Open,5 months ago,Battle!,
172,,173,RevolutionaryPenguin,3799,HyperX,11-14,a year ago,Battle!,
173,,174,Aqil Idraki9650,3796,The Slayers,Open,a year ago,Battle!,
174,,175,martin.norman,3794,The Slayers,Open,3 years ago,Battle!,
175,,176,Viacheslav H,3794,Clever Coders,Open,8 years ago,Battle!,
176,,177,PurplePanther3,3789,,Open,a month ago,Battle!,
177,,178,AlwinSch,3771,HyperX,Open,a year ago,Battle!,
178,,179,Destroyer3190,3769,The Slayers,Open,3 years ago,Battle!,
179,,180,Samanvay@123,3768,Erodon234,Open,3 years ago,Battle!,
180,,181,yariko9006,3758,The Slayers,Open,a year ago,Battle!,
181,,182,corey ialacci,3758,,Open,8 years ago,Battle!,
182,,183,Hatty1234,3757,Team Ned,14-18,2 years ago,Battle!,
183,,184,CodeIsMyFavFundak,3757,Gobashing,0-11,2 years ago,Battle!,
184,,185,"Hsu, Chen-Ru",3754,2023CodeCombatÈ†êÈÅ∏Ë≥Ω,Open,9 months ago,Battle!,
185,,186,EthanWarde,3749,,Open,3 years ago,Battle!,
186,,187,Tkaixiang,3748,Ace Of Coders,Open,7 years ago,Battle!,
187,,188,Emerisse,3744,The Slayers,Open,6 years ago,Battle!,
188,,189,wl02082201,3744,The Slayers,Open,6 years ago,Battle!,
189,,190,claramarieh,3744,The Slayers,Open,6 years ago,Battle!,
190,,191,–ö–∞—Ç–∏—Ç–µ–∫,3743,The Slayers,Open,4 years ago,Battle!,
191,,192,jane0117,3739,Team Ned,Open,a year ago,Battle!,
192,,193,LucasT95,3733,Online Class,Open,2 years ago,Battle!,
193,,194,Spikey01,3733,1G For The Win,Open,3 years ago,Battle!,
194,,195,archerrules1,3731,The Slayers,Open,6 years ago,Battle!,
195,,196,Platinum AI,3727,Ai,Open,8 years ago,Battle!,
196,,197,bestdad,3725,Ace Of Coders,Open,2 years ago,Battle!,
197,,198,neverknow,3720,Ace Of Coders,Open,6 years ago,Battle!,
198,,199,Crow Requiem,3718,,Open,6 years ago,Battle!,
199,,200,hayden806,3717,Dragonborn,Open,2 years ago,Battle!,
200,,201,Player0520,3717,Villain Slayers,Open,5 months ago,Battle!,
201,,202,Archion,3717,The Secret Order Of Paladins,Open,5 years ago,Battle!,
202,,203,mafy55,3716,,Open,2 years ago,Battle!,
203,,204,I can rob you,3715,The Slayers,Open,6 years ago,Battle!,
204,,205,1923456,3712,Ace Of Coders,Open,6 years ago,Battle!,
205,,206,Monsty22,3711,Team Unstoppable,Open,2 years ago,Battle!,
206,,207,PraetorianGuard,3708,HyperX,Open,2 years ago,Battle!,
207,,208,Mumbo5,3708,Team Unstoppable,Open,2 years ago,Battle!,
208,,209,tiernanisgreat5,3703,,Open,4 years ago,Battle!,
209,,210,cr/colinr0001,3702,Minecraft Knights,Open,8 years ago,Battle!,
210,,211,ArcaneBlade,3701,The Secret Order Of Paladins,Open,5 years ago,Battle!,
211,,212,Helms Deep,3701,Warriorers Guild,Open,5 years ago,Battle!,
212,,213,a1ip,3700,Novo,Open,7 years ago,Battle!,
213,,214,kungna01,3699,Chan O-Cha,Open,2 years ago,Battle!,
214,,215,–í–∏—Ç–∞–ª—è–î,3699,–ö–ª–∞–Ω –û–¥–∏–Ω–∞ (Odin Clan),Open,5 years ago,Battle!,
215,,216,Êüö‰ªîÁúã‰∏ñÁïå,3699,The Slayers,Open,3 years ago,Battle!,
216,,217,BetoA__,3696,,Open,5 years ago,Battle!,
217,,218,The Dark Lord 2.0,3693,Team Ned,Open,2 years ago,Battle!,
218,,219,yongziren,3691,WRSS Sec1 2017,Open,6 years ago,Battle!,
219,,220,JihVed,3689,,Open,4 years ago,Battle!,
220,,221,hiddenboss,3688,,Open,a year ago,Battle!,
221,,222,huanghaoyo,3687,Need Help,Open,4 years ago,Battle!,
222,,223,TitanFred,3686,,Open,6 years ago,Battle!,
223,,224,lundyundypoopy,3685,Blue717,Open,3 years ago,Battle!,
224,,225,Roboham,3684,HyperX,Open,5 months ago,Battle!,
225,,226,thanhtamssc-c1.ict.vn,3683,ICANTECH - CodeQuest,0-11,8 months ago,Battle!,
226,,227,bozzyk44,3680,The Slayers,Open,4 years ago,Battle!,
227,,228,paidservices.xp,3676,The Slayers,Open,2 years ago,Battle!,
228,,229,mastercoder827,3676,Club Combat,Open,6 years ago,Battle!,
229,,230,xxtoxicgamerxx1,3675,Fortnite Vs Apex,Open,6 years ago,Battle!,
230,,231,hunter898,3674,,Open,5 years ago,Battle!,
231,,232,kostiq88,3673,,Open,3 years ago,Battle!,
232,,233,dino5,3669,,Open,6 years ago,Battle!,
233,,234,pythoncrazy,3668,The Slayers,Open,5 years ago,Battle!,
234,,235,CodeKnight08,3667,,Open,2 years ago,Battle!,
235,,236,sojourna.benji,3664,Tokyo Coding Clan,Open,2 months ago,Battle!,
236,,237,unknowgunner,3663,Clan Gunner,Open,8 years ago,Battle!,
237,,238,kinglin,3661,Cs1 ÈÄ±ÂÖ≠‰∏ãÂçà,Open,3 months ago,Battle!,
238,,239,Rafalves,3657,,Open,8 years ago,Battle!,
239,,240,jacob1313,3656,,Open,3 years ago,Battle!,
240,,241,npt,3654,Npt,Open,6 years ago,Battle!,
241,,242,TheBest1008,3653,Do Not Join Please,Open,a year ago,Battle!,
242,,243,Python Xaker,3651,Cutting Explorers,Open,4 years ago,Battle!,
243,,244,cool803,3650,,Open,3 years ago,Battle!,
244,,245,shunsakukun,3649,Kougakukan,Open,3 years ago,Battle!,
245,,246,QenT,3649,,Open,8 years ago,Battle!,
246,,247,Tim717,3648,The Slayers,Open,3 years ago,Battle!,
247,,248,Tikhon29,3646,HyperX,Open,a year ago,Battle!,
248,,249,HEATSPHERE,3646,Martians,Open,2 years ago,Battle!,
249,,250,MrYeta,3645,,Open,8 years ago,Battle!,
250,,251,taocoder,3639,Boom Tower,Open,2 years ago,Battle!,
251,,252,redlikeroses,3637,,Open,6 years ago,Battle!,
252,,253,–ß–æ—Ä–Ω—ã–π –≥—Ä–æ–º,3637,Thunder Wolfs,Open,8 years ago,Battle!,
253,,254,XAPOH,3637,,Open,8 years ago,Battle!,
254,,255,Hiro Protagonist,3636,Veni Vidi Vici,Open,5 years ago,Battle!,
255,,256,Silver AI,3634,Ai,Open,8 years ago,Battle!,
256,,257,IcyPeachy,3633,Ace Of Coders,Open,7 years ago,Battle!,
257,,258,Chihya 957,3629,Awesome Duds,Open,2 years ago,Battle!,
258,,259,–≠–∂–µ–Ω,3629,Dragonborn,Open,4 years ago,Battle!,
259,,260,MaiklIl,3624,,Open,6 years ago,Battle!,
260,,261,electroma_python,3622,The Simle Spartans!,Open,3 years ago,Battle!,
261,,262,SecludedVictory,3620,Land Of Nutella,Open,8 months ago,Battle!,
262,,263,andyajadeh,3619,HyperX,Open,4 days ago,Battle!,
263,,264,oppsphuc,3617,The Slayers,Open,5 years ago,Battle!,
264,,265,origin_Twelve,3615,Clan For People,Open,2 years ago,Battle!,
265,,266,Bronze AI,3614,Ai,Open,8 years ago,Battle!,
266,,267,Andiyanto,3612,Ace Of Coders,Open,2 years ago,Battle!,
267,,268,tigerjade004,3611,The Slayers,11-14,2 years ago,Battle!,
268,,269,lobas9050,3607,Helpful,Open,7 years ago,Battle!,
269,,270,Keanan92,3606,The Slayers,Open,6 years ago,Battle!,
270,,271,Tkogss 2C26,3606,,Open,2 years ago,Battle!,
271,,272,Wealthy Boss,3605,Dragonborn,Open,6 years ago,Battle!,
272,,273,DrDubelq,3604,The Slayers,Open,3 years ago,Battle!,
273,,274,TomStar1102,3602,,Open,6 months ago,Battle!,
274,,275,raj_sharma22,3600,,Open,3 years ago,Battle!,
275,,276,ajc58833,3598,Wisard Bomb,Open,6 months ago,Battle!,
276,,277,Jung Ko,3597,,Open,8 years ago,Battle!,
277,,278,one bitcoin,3596,,Open,5 years ago,Battle!,
278,,279,Genuis no. 1,3595,The Genius Coder,Open,2 years ago,Battle!,
279,,280,Lew2009,3594,Filthy Rich,Open,6 years ago,Battle!,
280,,281,Max the Powerful,3594,,Open,2 years ago,Battle!,
281,,282,king boi101,3594,The Slayers,Open,3 years ago,Battle!,
282,,283,Daniel.Funk,3594,Dsf,11-14,2 years ago,Battle!,
283,,284,willirich,3593,,Open,2 years ago,Battle!,
284,,285,Shishita,3591,Dysonian Challengers,Open,2 years ago,Battle!,
285,,286,–ò–ª—å—è—Å8177,3591,,Open,3 years ago,Battle!,
286,,287,lucky1524,3589,Cosmic,Open,3 years ago,Battle!,
287,,288,Pk462,3585,The Slayers,14-18,2 years ago,Battle!,
288,,289,e208268,3582,Dragonborn,Open,10 months ago,Battle!,
289,,290,cheeeeeese,3579,,Open,8 years ago,Battle!,
290,,291,Iek,3577,Ijek,Open,3 years ago,Battle!,
291,,292,Batyr0,3577,Dragonborn,Open,2 years ago,Battle!,
292,,293,Mariothekiller,3574,,Open,6 years ago,Battle!,
293,,294,pixx,3573,The Slayers,Open,8 years ago,Battle!,
294,,295,......7043,3571,,Open,3 years ago,Battle!,
295,,296,348842725,3571,The Slayers,Open,5 years ago,Battle!,
296,,297,bananamoopierocks,3571,The Slayers,Open,5 years ago,Battle!,
297,,298,lovemathboy,3571,Nushs,Open,7 years ago,Battle!,
298,,299,Zetayouh,3568,,Open,10 months ago,Battle!,
299,,300,nba739,3564,HyperX,Open,4 months ago,Battle!,
300,,301,Pionero,3563,,Open,7 years ago,Battle!,
301,,302,picka5,3563,The Slayers,11-14,2 years ago,Battle!,
302,,303,Chloe700,3557,,14-18,5 months ago,Battle!,
303,,304,Nezy,3556,HyperX,Open,8 months ago,Battle!,
304,,305,Piano Zombie,3553,,Open,5 years ago,Battle!,
305,,306,2ezGetGood,3552,HyperX,Open,25 days ago,Battle!,
306,,307,ialwayswin2,3551,The Slayers,14-18,3 years ago,Battle!,
307,,308,EvanPlayz,3550,The Slayers,Open,6 years ago,Battle!,
308,,309,acohen-tcssj,3548,The Undead,Open,4 years ago,Battle!,
309,,310,bigcow,3548,,Open,a year ago,Battle!,
310,,311,flameboy2.0,3548,Sc2,Open,3 years ago,Battle!,
311,,312,codezillah,3547,Codezillas Clan,Open,2 years ago,Battle!,
312,,313,Ozakesus87!,3544,Dragonborn,11-14,2 years ago,Battle!,
313,,314,Yuri K,3542,,Open,8 years ago,Battle!,
314,,315,ArceeTheKing,3540,The Slayers,Open,4 years ago,Battle!,
315,,316,gdbiomax,3539,The Slayers,Open,3 years ago,Battle!,
316,,317,shiwei.schneider,3539,Shiwei,Open,5 hours ago,Battle!,
317,,318,IJS13,3539,The Slayers,Open,2 years ago,Battle!,
318,,319,udit007,3538,Wildcats,Open,6 years ago,Battle!,
319,,320,KING PHOENIX,3533,,Open,4 years ago,Battle!,
320,,321,tacotacokitty,3533,Hyrule Warriors,Open,a month ago,Battle!,
321,,322,coder122018,3533,HyperX,Open,2 years ago,Battle!,
322,,323,scinia2000,3530,,Open,6 years ago,Battle!,
323,,324,dav1lee,3530,The Slayers,Open,6 years ago,Battle!,
324,,325,jacobdoolittle5385,3527,,Open,4 years ago,Battle!,
325,,326,Endercore79,3525,The Legends Of 5A,Open,6 years ago,Battle!,
326,,327,tanakben,3524,The Slayers,Open,2 years ago,Battle!,
327,,328,PNK11,3524,Ogre Eaters,Open,3 years ago,Battle!,
328,,329,edna4567,3522,The Slayers,Open,4 years ago,Battle!,
329,,330,pychem,3521,ALSET Team,Open,5 years ago,Battle!,
330,,331,Eragon_42,3521,Dragonborn,Open,8 years ago,Battle!,
331,,332,ÍßÅCÃ¥ÕòÕòÕùÕçÕçŒîÃ∏ÕÑÕòÃâÃÉÃõÃâÕÉÕÑÕëÃ†Ã®ÕâÕçTÃ∏ÃÜÃãÕíÕåÃçÕçÃûÃºÃ≤ÃüKÃ¥ÃäÃêÃëÕóÕÑÕÉÕãÃÇÃòÕúÃ®ÃªÕéÃòÕâÃ°IÃ∏ÕÇÃìÃæÃéÕÑÕíÕÇÃèÃÉÃàÃ¨ÕéÕàNÃ∏ÕùÃàÕêÃõÃÉÕÄÕÄÃìÕÉÃîÃ•Ã´ÃßÃòÃ≤ÕçGÃ∂ÃïÕçÃ´ÕôÃ¢Ã≥ÕáÕâÕôÃ™ÍßÇ,3518,The Slayers,Open,3 years ago,Battle!,
332,,333,Popey456963,3516,The Slayers,Open,8 years ago,Battle!,
333,,334,positive8,3516,Big Big Chungus,Open,10 months ago,Battle!,
334,,335,sharkbait1,3516,The Slayers,14-18,3 years ago,Battle!,
335,,336,2008jtang,3514,The Slayers,11-14,2 years ago,Battle!,
336,,337,zxw83,3513,,Open,4 years ago,Battle!,
337,,338,NeTR153,3513,,Open,6 years ago,Battle!,
338,,339,Parvis,3511,,Open,3 years ago,Battle!,
339,,340,lukas31,3511,The Trappers,Open,2 years ago,Battle!,
340,,341,stu.khanhvg.00022,3510,GE_Army,Open,a year ago,Battle!,
341,,342,Ubivan,3510,,Open,5 years ago,Battle!,
342,,343,Chris_Babida,3508,The Slayers,Open,3 years ago,Battle!,
343,,344,Aleigh5,3503,Python Militia,Open,7 years ago,Battle!,
344,,345,knight4him,3503,The Slayers,Open,10 months ago,Battle!,
345,,346,Andre1990,3500,,Open,2 months ago,Battle!,
346,,347,zygerd,3500,,Open,2 years ago,Battle!,
347,,348,symwkwtae,3498,The Slayers,Open,5 years ago,Battle!,
348,,349,YOLODABOSSder,3497,Lacreole Wildcats,Open,6 years ago,Battle!,
349,,350,ICE-TWS-ÈÇµÂ∏åÁ•ê2,3494,2023CodeCombatÈ†êÈÅ∏Ë≥Ω,0-11,a year ago,Battle!,
350,,351,ICE-0896,3493,ICE Challenge 2023 HK Screening Round,0-11,25 days ago,Battle!,
351,,352,mattheoavila-tcssj,3493,The Slayers,Open,4 years ago,Battle!,
352,,353,Technosmith,3493,,Open,7 years ago,Battle!,
353,,354,Player Player,3493,The Slayers,Open,4 years ago,Battle!,
354,,355,WizardChicken,3491,BLZ Clan,Open,3 years ago,Battle!,
355,,356,bo_cod,3489,HyperX,Open,7 months ago,Battle!,
356,,357,BoiledShirt,3486,P√∫≈°≈• Sv. Gorazda,Open,2 years ago,Battle!,
357,,358,9638173967,3486,The Slayers,Open,2 years ago,Battle!,
358,,359,CryptiCrystal,3482,Cryptic Squad,Open,2 years ago,Battle!,
359,,360,smankidz,3482,,Open,2 months ago,Battle!,
360,,361,AccountDeleted9,3482,Team Grills,Open,5 months ago,Battle!,
361,,362,v1kachu,3481,WRSS Sec1 2017,Open,6 years ago,Battle!,
362,,363,jaspeee30,3480,Defenders Of The Diamondback,Open,a year ago,Battle!,
363,,364,noahshark,3479,Dragonborn,Open,3 years ago,Battle!,
364,,365,CocoCharlie,3478,Knights Of The Square Table,Open,2 years ago,Battle!,
365,,366,ic73911,3477,HyperX,Open,8 months ago,Battle!,
366,,367,password992,3474,War Lions,Open,5 years ago,Battle!,
367,,368,IE0050_ÂºµÂÆ¨Áëû,3471,2023CodeCombatÈ†êÈÅ∏Ë≥Ω,0-11,a month ago,Battle!,
368,,369,12345123459,3470,Hklsdahfslkahlkaladsjkfaskfh,Open,a year ago,Battle!,
369,,370,Warriorcat6,3469,HyperX,Open,6 months ago,Battle!,
370,,371,d6198,3468,CS1030 Fall 2015 University Of Utah,Open,8 years ago,Battle!,
371,,372,robotkimo,3468,,Open,2 years ago,Battle!,
372,,373,quanxxx2005_cq23.ict.vn-gmail.com,3468,ICANTECH - ƒê·∫•u Tr∆∞·ªùng Danh V·ªçng,14-18,2 months ago,Battle!,
373,,374,President Luke,3466,The Round Table,Open,7 years ago,Battle!,
374,,375,Triple Treat,3466,The Slayers,14-18,2 years ago,Battle!,
375,,376,Dan Oak,3465,Math Power,Open,3 years ago,Battle!,
376,,377,Aurric,3463,,Open,4 years ago,Battle!,
377,,378,DamienT8,3463,The Defenders Of Kithgard,Open,4 years ago,Battle!,
378,,379,Mew55,3458,Team Ned,14-18,2 years ago,Battle!,
379,,380,Cool_Doofus666,3456,The_Code_Communists,Open,3 years ago,Battle!,
380,,381,kingman56,3453,Hackers.Pro101,Open,5 years ago,Battle!,
381,,382,#1commander,3452,Fighters Of Fire,Open,2 years ago,Battle!,
382,,383,Alexander208,3452,CodeCombat League,Open,2 years ago,Battle!,
383,,384,Aynigma,3451,,Open,6 years ago,Battle!,
384,,385,Dr.MadDog,3451,Dr.MadDogs Minions,Open,7 years ago,Battle!,
385,,386,Exactly2012,3451,HyperX,Open,2 months ago,Battle!,
386,,387,Grim82869,3451,The Slayers,Open,4 years ago,Battle!,
387,,388,Crispygrabber42,3451,,14-18,2 years ago,Battle!,
388,,389,username256,3450,The Slayers,Open,6 years ago,Battle!,
389,,390,Nils47,3449,,Open,4 years ago,Battle!,
390,,391,checkout,3449,Checkout,Open,3 years ago,Battle!,
391,,392,CubicAlgorythm,3449,The Slayers,Open,2 years ago,Battle!,
392,,393,Pro1288,3448,HyperX,Open,2 years ago,Battle!,
393,,394,ZlataBrain‚ö°‚ö°‚ö°,3448,HyperX,Open,3 months ago,Battle!,
394,,395,Kriofag,3447,,Open,2 years ago,Battle!,
395,,396,Robot73,3446,HyperX,Open,3 months ago,Battle!,
396,,397,Newthinkingstudent2,3440,The Slayers,Open,4 years ago,Battle!,
397,,398,svaningelgem,3440,Batellands,Open,3 years ago,Battle!,
398,,399,highranker,3439,HyperX,Open,6 months ago,Battle!,
399,,400,Andres,3438,,Open,6 years ago,Battle!,
400,,401,ferrel Ninja,3434,The Slayers,Open,5 years ago,Battle!,
401,,402,adventour,3433,Dooley'S Destroyers,Open,4 years ago,Battle!,
402,,403,AmIGroot?,3432,Hi Ppl,Open,2 years ago,Battle!,
403,,404,Metodej,3431,Czech Klan,Open,2 years ago,Battle!,
404,,405,paladin0405,3429,The Slayers,Open,5 years ago,Battle!,
405,,406,liamcutts,3429,Hyrule Warriors,Open,3 years ago,Battle!,
406,,407,Patrullacanina,3428,Ojetecable Army,Open,6 years ago,Battle!,
407,,408,JoelGandalf,3424,,Open,6 years ago,Battle!,
408,,409,jessica is BAST,3424,The Slayers,Open,4 years ago,Battle!,
409,,410,EliteAdminCoder,3420,The Slayers,Open,3 years ago,Battle!,
410,,411,jaycool11,3416,The Yeti Hunters,Open,2 years ago,Battle!,
411,,412,AlphaTroyano,3414,,11-14,2 years ago,Battle!,
412,,413,rpgfly,3411,Golden Griffens,Open,2 years ago,Battle!,
413,,414,James Rhee,3410,Ultra Forces,Open,3 years ago,Battle!,
414,,415,codespark,3409,HyperX,0-11,18 days ago,Battle!,
415,,416,Dorian001,3407,Clan Barbey,Open,4 years ago,Battle!,
416,,417,GalacticGamePro,3403,The Dieharders,Open,2 years ago,Battle!,
417,,418,255056,3402,Skeet_Skeet_,Open,4 years ago,Battle!,
418,,419,manginger,3401,Elite Bot,Open,4 years ago,Battle!,
419,,420,AssHole45,3400,,Open,2 months ago,Battle!,
420,,421,Lord Of Legions,3398,The Slayers,Open,7 years ago,Battle!,
421,,422,big111700,3396,,Open,6 years ago,Battle!,
422,,423,Kota614,3395,,Open,5 years ago,Battle!,
423,,424,IKosto4ka,3394,XXX Vvvvvv,0-11,9 months ago,Battle!,
424,,425,penguiny5,3387,Hyrule Warriors,11-14,3 months ago,Battle!,
425,,426,DevinChen,3387,I Cant Think Of A Good Name,Open,6 years ago,Battle!,
426,,427,diamonda,3385,Hyrule Warriors,Open,3 years ago,Battle!,
427,,428,Destiny1673,3385,HyperX,Open,2 years ago,Battle!,
428,,429,codingstudent3,3384,The Slayers,Open,4 years ago,Battle!,
429,,430,notepad@2,3384,HyperX,11-14,a year ago,Battle!,
430,,431,Nikolai250,3383,Dragonborn,Open,6 years ago,Battle!,
431,,432,chugtran8_cq23.ict.vn-gmail.com,3380,ICANTECH - ƒê·∫•u Tr∆∞·ªùng Danh V·ªçng,11-14,2 months ago,Battle!,
432,,433,ayham09,3379,,Open,3 years ago,Battle!,
433,,434,CommanderData0,3378,Omega Supreme,Open,a year ago,Battle!,
434,,435,Seth321,3378,The Slayers,Open,5 years ago,Battle!,
435,,436,BA1_RACE,3374,Ba1 2019 Ch,Open,4 years ago,Battle!,
436,,437,kingblahblahblah,3373,,Open,6 years ago,Battle!,
437,,438,Suavecci21,3372,,Open,5 years ago,Battle!,
438,,439,Harry Chen,3371,The Slayers,Open,4 years ago,Battle!,
439,,440,deadlock the warrior,3370,The Slayers,Open,7 years ago,Battle!,
440,,441,zach547,3369,All Saints Xmas Battleground,Open,4 years ago,Battle!,
441,,442,veerpreet,3367,,Open,3 years ago,Battle!,
442,,443,ialwayswin3,3367,The Slayers,Open,4 years ago,Battle!,
443,,444,23jgreco,3363,Dark Moonstorm,Open,5 years ago,Battle!,
444,,445,rockstar540,3363,The Slayers,Open,7 years ago,Battle!,
445,,446,TITAN THANOS MARVEL 1832,3362,Marvel Avengers TITAN,Open,5 years ago,Battle!,
446,,447,wxyz13,3361,,Open,3 years ago,Battle!,
447,,448,MANCITY#1,3354,The Slayers,Open,a year ago,Battle!,
448,,449,Kolimang,3353,,Open,3 years ago,Battle!,
449,,450,Mr_Nobody1166,3352,Ace Of Coders,Open,6 years ago,Battle!,
450,,451,shadow-assasinator,3350,Shadow Assassinators,Open,2 years ago,Battle!,
451,,452,ninija25,3350,,Open,2 years ago,Battle!,
452,,453,Expertgamindude,3348,The Slayers,14-18,a year ago,Battle!,
453,,454,Testy101,3348,The Hero Clan,Open,3 years ago,Battle!,
454,,455,ICE-0109,3347,ICE Challenge 2023 HK Screening Round,11-14,a month ago,Battle!,
455,,456,barkingFrog,3344,,Open,8 years ago,Battle!,
456,,457,mckong21,3343,The Slayers,Open,6 months ago,Battle!,
457,,458,KojiInstinct135,3342,My Friends Of Destiny,Open,5 years ago,Battle!,
458,,459,steven_kang2003,3339,The Noobzzz,Open,8 years ago,Battle!,
459,,460,OctoSho,3337,Mortal Shadows,Open,2 years ago,Battle!,
460,,461,farmer2013,3334,The Slayers,Open,8 years ago,Battle!,
461,,462,prestowilly,3330,,Open,4 years ago,Battle!,
462,,463,AntonioOne,3327,,Open,8 years ago,Battle!,
463,,464,IvayloS,3326,,Open,8 years ago,Battle!,
464,,465,Zakariya-H,3326,HyperX,11-14,2 months ago,Battle!,
465,,466,def NotSuspicious(),3325,,Open,10 months ago,Battle!,
466,,467,Ev145,3323,The Sword Masters,Open,6 years ago,Battle!,
467,,468,smokemans,3321,,Open,2 months ago,Battle!,
468,,469,minedemon1,3321,,Open,5 years ago,Battle!,
469,,470,Xeroxi,3319,The Slayers,Open,6 years ago,Battle!,
470,,471,22lwalls,3318,Nicola De Torre,14-18,2 years ago,Battle!,
471,,472,prizemachine,3315,,Open,4 years ago,Battle!,
472,,473,epicinsar,3315,Hi41234234,14-18,a year ago,Battle!,
473,,474,5HRKS,3314,HyperX,14-18,6 months ago,Battle!,
474,,475,Fortunard,3312,,Open,3 years ago,Battle!,
475,,476,Jeongseonwoo,3310,,Open,6 months ago,Battle!,
476,,477,xSirius_2000x,3307,,Open,6 years ago,Battle!,
477,,478,Archipelago-Gold,3306,Corse,14-18,3 years ago,Battle!,
478,,479,ImKyurem,3306,The Slayers,Open,3 years ago,Battle!,
479,,480,iamdaone2,3306,Iamdaone2,Open,3 years ago,Battle!,
480,,481,AI2926,3305,Dragon Storms,Open,3 years ago,Battle!,
481,,482,ilia-eagle,3303,Wars Of Players!,Open,6 months ago,Battle!,
482,,483,Wolfycraft,3303,The Slayers,14-18,5 years ago,Battle!,
483,,484,miku4president,3302,Computer Apps,Open,3 years ago,Battle!,
484,,485,Ethan jiang,3301,,Open,3 years ago,Battle!,
485,,486,dk123123,3300,,Open,2 years ago,Battle!,
486,,487,tanhongen,3299,Sst 2020 S1 02,Open,3 years ago,Battle!,
487,,488,junu101116,3294,Avhs,Open,3 years ago,Battle!,
488,,489,bastykjhq,3293,The Slayers,Open,6 years ago,Battle!,
489,,490,YegorS,3293,,Open,3 years ago,Battle!,
490,,491,Samuel.Funk,3292,Dsf,Open,2 years ago,Battle!,
491,,492,IamCoder18,3284,Dragonborn,Open,a year ago,Battle!,
492,,493,minkazis,3283,The Slayers,Open,5 years ago,Battle!,
493,,494,Ch0W,3282,Ch Group,Open,5 years ago,Battle!,
494,,495,Artillery,3281,,Open,8 years ago,Battle!,
495,,496,nevermind1,3281,,Open,17 days ago,Battle!,
496,,497,magrokill,3278,Fire Dragons,Open,6 years ago,Battle!,
497,,498,P6A26ËëâÁ¶ÆÁëû0,3276,P6 A,Open,4 months ago,Battle!,
498,,499,Luke,3275,,Open,3 months ago,Battle!,
499,,500,epidurean,3274,,Open,8 years ago,Battle!,
500,,501,Simon_Terrell-59-1321,3274,Brain Chase,Open,2 years ago,Battle!,
501,,502,jernyman947,3270,Snarez,Open,5 years ago,Battle!,
502,,503,pompom2626,3270,,Open,3 years ago,Battle!,
503,,504,CodeCombatCodingWarrior,3270,The Knights Of Code Combat ‚öîÔ∏è,Open,2 years ago,Battle!,
504,,505,253087,3268,Skeet_Skeet_,Open,4 years ago,Battle!,
505,,506,Yukyukdude,3267,The Slayers,Open,4 years ago,Battle!,
506,,507,temujin2,3265,HyperX,Open,2 years ago,Battle!,
507,,508,shaqman14,3265,Me,Open,3 months ago,Battle!,
508,,509,qgm,3264,Dig Art 8,Open,6 years ago,Battle!,
509,,510,patrick.sage,3263,The Slayers,Open,4 years ago,Battle!,
510,,511,CharlieWalker2,3263,David Walker,Open,15 days ago,Battle!,
511,,512,moonwatcher348,3262,HyperX,Open,a year ago,Battle!,
512,,513,_Tankosaurus_,3262,,Open,3 years ago,Battle!,
513,,514,cthapvongse,3260,The Slayers,Open,2 years ago,Battle!,
514,,515,verxidor,3259,Python Militia,Open,3 years ago,Battle!,
515,,516,nathanearp,3258,ùïãùïôùïñ ùïéùïíùï£ùï£ùïöùï†ùï£ùï§ ùï†ùïó ‚Ñ§ùïöùïùùïñùïí,Open,a year ago,Battle!,
516,,517,programmerofdoom,3257,My Clan 123456789,Open,5 years ago,Battle!,
517,,518,linkherogreen,3256,,Open,3 years ago,Battle!,
518,,519,Necro1303,3254,,Open,5 years ago,Battle!,
519,,520,Conrad2013,3253,The Slayers,Open,4 months ago,Battle!,
520,,521,Hard Hard Bear,3253,,Open,3 years ago,Battle!,
521,,522,OooOoo12,3249,The Big Momma,Open,6 years ago,Battle!,
522,,523,ÊúàÈ§ÖÁúã‰∏ñÁïå,3247,Dragonborn,Open,a year ago,Battle!,
523,,524,BooksforBen10,3246,The Secret Order Of Paladins,Open,4 years ago,Battle!,
524,,525,RG88000,3245,Sword Masters,Open,7 years ago,Battle!,
525,,526,Whatevuh,3241,CodeCombat League,Open,3 years ago,Battle!,
526,,527,69420isepic,3239,,Open,2 years ago,Battle!,
527,,528,jonahrfeldman,3238,The Slayers,Open,2 years ago,Battle!,
528,,529,Coder_Of_All_Games_1,3237,Crazy Bolts,Open,6 years ago,Battle!,
529,,530,RangerGrant90372,3237,The Slayers,Open,2 years ago,Battle!,
530,,531,zxcv56,3234,,Open,7 years ago,Battle!,
531,,532,Superbrainz299,3234,The USSR____,Open,2 years ago,Battle!,
532,,533,weredead,3233,The Slayers,Open,7 years ago,Battle!,
533,,534,O-Dog Fairbairn,3231,Dragonborn,Open,2 years ago,Battle!,
534,,535,Yaroslav-A-K,3231,The Slayers,Open,8 months ago,Battle!,
535,,536,Accountable,3231,The Slayers,Open,6 years ago,Battle!,
536,,537,amused_disaster,3230,Stonehold Siegers,Open,3 years ago,Battle!,
537,,538,AWAKENEDSLAYER,3229,The Slayers,Open,5 years ago,Battle!,
538,,539,HiOmar,3229,The Slayers,Open,3 years ago,Battle!,
539,,540,seawon0808,3228,The Slayers,Open,3 years ago,Battle!,
540,,541,Alexander The Great4,3228,DdorfDestroyers,Open,6 years ago,Battle!,
541,,542,trncongvinh_cq23.ict.vn-gmail.com,3228,ICANTECH - ƒê·∫•u Tr∆∞·ªùng Danh V·ªçng,14-18,2 months ago,Battle!,
542,,543,Vitaliy with Code,3224,The Slayers,Open,2 years ago,Battle!,
543,,544,whillen,3222,,Open,4 years ago,Battle!,
544,,545,DHS19Y1D28,3222,Pewdiepie,Open,4 years ago,Battle!,
545,,546,jkyohan,3219,Dragonborn,Open,6 years ago,Battle!,
546,,547,AlexanderB1,3217,,Open,6 years ago,Battle!,
547,,548,Dr. TimeStrange,3215,The Slayers,11-14,2 years ago,Battle!,
548,,549,andrewclark3244,3212,The Slayers,Open,7 months ago,Battle!,
549,,550,bryanng,3211,HyperX,Open,2 years ago,Battle!,
550,,551,NAVTEJ3,3210,Tgs,Open,3 years ago,Battle!,
551,,552,Ibraheem10,3209,Dragonborn,Open,4 years ago,Battle!,
552,,553,Dawnpiez,3209,,Open,4 years ago,Battle!,
553,,554,clearly_ant,3207,,14-18,2 months ago,Battle!,
554,,555,KislaKumara,3204,,Open,6 years ago,Battle!,
555,,556,The Wampus Club,3204,TheKingNate,Open,2 years ago,Battle!,
556,,557,iagoperez,3204,Q4 7 A,Open,2 years ago,Battle!,
557,,558,A_TjGamer337,3203,The Slayers,Open,3 years ago,Battle!,
558,,559,RGC.RGC,3202,,Open,5 years ago,Battle!,
559,,560,glassfullofwater,3184,HyperX,Open,a year ago,Battle!,
560,,561,hadifarah,3183,The BOSS#1,Open,5 years ago,Battle!,
561,,562,ultix,3182,The Slayers,Open,5 years ago,Battle!,
562,,563,Vm22,3178,,11-14,4 months ago,Battle!,
563,,564,Leo XU6,3177,Dragonborn,Open,5 months ago,Battle!,
564,,565,gimo,3177,Ace Of Coders,Open,2 years ago,Battle!,
565,,566,Alita7,3176,NUSHS Web,Open,5 years ago,Battle!,
566,,567,1231231231253,3175,,Open,2 years ago,Battle!,
567,,568,Holle66,3174,,Open,8 months ago,Battle!,
568,,569,Hayden178,3173,Dragonborn,Open,7 years ago,Battle!,
569,,570,dteo,3172,Coding...Plz Do Not Disturb,Open,5 years ago,Battle!,
570,,571,230555,3172,"Game Programming 2, Sem 1",Open,6 months ago,Battle!,
571,,572,JacobG11,3170,Congress,Open,2 years ago,Battle!,
572,,573,Hanzo001,3170,The Slayers,Open,3 years ago,Battle!,
573,,574,hughprogrammer,3170,The Slayers,Open,6 years ago,Battle!,
574,,575,0614128142,3167,The Slayers,Open,5 years ago,Battle!,
575,,576,nathangiralt,3166,Chopping Block,Open,a year ago,Battle!,
576,,577,Yasin47,3165,The Slayers,Open,5 years ago,Battle!,
577,,578,S2A 05 ÊùéÊÄùÊÖß,3163,S2 AË®≠Áßë,Open,a year ago,Battle!,
578,,579,shra.ru/tag/codecombat,3162,,Open,8 years ago,Battle!,
579,,580,AndrewMao,3161,HyperX,Open,9 months ago,Battle!,
580,,581,tbnnhu.vc_cq23.ict.vn-gmail.com,3161,ICANTECH - ƒê·∫•u Tr∆∞·ªùng Danh V·ªçng,11-14,2 months ago,Battle!,
581,,582,camcudmore5,3158,,Open,3 years ago,Battle!,
582,,583,Bellator01,3157,CodingMasters,Open,8 years ago,Battle!,
583,,584,pshaiza,3155,,Open,3 years ago,Battle!,
584,,585,Robot73,3155,HyperX,11-14,3 months ago,Battle!,
585,,586,switchlantz,3152,STEM Spartans,Open,3 years ago,Battle!,
586,,587,minh duc chap het,3150,,Open,2 years ago,Battle!,
587,,588,IZ.B,3150,Kingdragon34,Open,5 years ago,Battle!,
588,,589,ElsonNg,3149,Ace Of Coders,Open,7 years ago,Battle!,
589,,590,NEEL7,3148,Najytsc,Open,3 years ago,Battle!,
590,,591,ishan2259,3147,Tdssteam,Open,3 years ago,Battle!,
591,,592,GoombaP,3146,The Slayers,Open,2 days ago,Battle!,
592,,593,arthur666,3145,,Open,2 years ago,Battle!,
593,,594,BoneCrusher7,3144,The Slayers,Open,6 years ago,Battle!,
594,,595,Shadow_Void,3143,,Open,3 years ago,Battle!,
595,,596,Zenith01,3142,,Open,4 years ago,Battle!,
596,,597,Ladoski,3140,Dragonborn,Open,2 years ago,Battle!,
597,,598,ssantanam,3139,Rtrtr,Open,6 years ago,Battle!,
598,,599,yeemasta,3139,HyperX,11-14,6 months ago,Battle!,
599,,600,Lam Cheng Hou,3138,The Slayers,Open,8 years ago,Battle!,
600,,601,ycoder,3138,Another,Open,a year ago,Battle!,
601,,602,NovaWolf9,3136,Tridents,Open,2 years ago,Battle!,
602,,603,fujirena27,3136,,Open,5 years ago,Battle!,
603,,604,nickelodean,3135,Kings Of Kode,Open,8 years ago,Battle!,
604,,605,FrostFreeze,3134,Sst 2020 S1 06,Open,3 years ago,Battle!,
605,,606,Dreamless_Wizard,3133,Hyrule Warriors,Open,3 years ago,Battle!,
606,,607,CrunchyCode,3131,HyperX,11-14,2 years ago,Battle!,
607,,608,y/ u4,3131,The Slayers,Open,2 years ago,Battle!,
608,,609,Seeplayer,3128,HyperX,Open,8 months ago,Battle!,
609,,610,nick482?,3124,HyperX,Open,a year ago,Battle!,
610,,611,djg6,3122,,Open,8 months ago,Battle!,
611,,612,FausT_MadMan,3121,,Open,6 years ago,Battle!,
612,,613,MbIXA,3121,,Open,7 years ago,Battle!,
613,,614,Nijelly,3119,The Slayers,Open,8 years ago,Battle!,
614,,615,Sree:0,3118,Timondrick Richard,0-11,4 months ago,Battle!,
615,,616,metaki,3118,,Open,2 years ago,Battle!,
616,,617,kongxinga,3117,,Open,8 years ago,Battle!,
617,,618,Ofion,3113,The Slayers,Open,5 years ago,Battle!,
618,,619,1012276,3109,Fighters From The South,Open,6 years ago,Battle!,
619,,620,LucasC12321,3107,,Open,2 years ago,Battle!,
620,,621,jangbaang,3107,Some People,Open,3 years ago,Battle!,
621,,622,FishBoneTheGreat,3106,The Slayers,Open,2 years ago,Battle!,
622,,623,Â∞èÊÅ©_20628,3101,,Open,2 years ago,Battle!,
623,,624,Rexanator345,3100,The Slayers,Open,5 years ago,Battle!,
624,,625,benjaminbar,3097,The Slayers,Open,4 years ago,Battle!,
625,,626,Corbin,3097,Computers II (8th) Q4,Open,3 months ago,Battle!,
626,,627,FukamiiKun,3090,Ace Of Coders,Open,8 years ago,Battle!,
627,,628,2tek,3089,HyperX,Open,9 months ago,Battle!,
628,,629,Learner Allan,3089,Learner Group,14-18,2 years ago,Battle!,
629,,630,steveyme19,3086,The Robloxian Coders,Open,5 years ago,Battle!,
630,,631,Den88,3084,,Open,8 years ago,Battle!,
631,,632,Fikky,3084,,Open,2 years ago,Battle!,
632,,633,SasteMi,3083,Team DerBezt,Open,2 years ago,Battle!,
633,,634,DeliciosoToeso,3083,HyperX,14-18,a year ago,Battle!,
634,,635,goutham123,3081,HyperX,11-14,a year ago,Battle!,
635,,636,Vedant Hiremath,3081,HyperX,Open,a year ago,Battle!,
636,,637,bosses9,3081,ICE Challenge 2022 Macau Screening Round,0-11,a year ago,Battle!,
637,,638,Julio68,3081,,Open,8 years ago,Battle!,
638,,639,pankratz,3077,Pankratz,Open,3 years ago,Battle!,
639,,640,chitboon,3076,,Open,7 years ago,Battle!,
640,,641,combater2006,3074,,Open,4 years ago,Battle!,
641,,642,jeffersonjones,3074,The Slayers,Open,2 months ago,Battle!,
642,,643,-Eer,3074,Racers,Open,2 years ago,Battle!,
643,,644,Rowan_Cantrell,3073,Pewdiepie,Open,7 months ago,Battle!,
644,,645,oscareczek,3072,,Open,a year ago,Battle!,
645,,646,Jadenpheonixlover,3070,Dragonborn,Open,3 years ago,Battle!,
646,,647,hoangquan,3069,HyperX,0-11,a year ago,Battle!,
647,,648,hefnerjt,3067,RCHS Dungeon Dueler,Open,8 years ago,Battle!,
648,,649,SavvyHacker101,3067,The Gaming Clan,Open,5 years ago,Battle!,
649,,650,IshakMaher,3066,The Slayers,Open,2 years ago,Battle!,
650,,651,Efe65,3066,Faze Clan,14-18,2 years ago,Battle!,
651,,652,jiraffe1,3063,Numerators,Open,3 years ago,Battle!,
652,,653,?The Mystery Man1?,3062,Dragon Of Light,Open,7 years ago,Battle!,
653,,654,Fabr√≠cio Matt√©,3056,,Open,7 years ago,Battle!,
654,,655,–£–º–º–ò–ª—å—è—Å,3056,–ü–æ–±–µ–¥–∏—Ç–µ–ª–∏,Open,a year ago,Battle!,
655,,656,lord of the dragons6,3055,Attack Of The Dragons,Open,4 years ago,Battle!,
656,,657,warrior T S M,3055,The Sluggers,Open,2 years ago,Battle!,
657,,658,Qin Wentian,3054,Python Militia,Open,2 years ago,Battle!,
658,,659,MARIO_5355,3053,Dragonborn,Open,3 years ago,Battle!,
659,,660,lamanley,3050,Annihilating All-Stars,Open,5 years ago,Battle!,
660,,661,kai battleblade,3049,The Slayers,Open,2 years ago,Battle!,
661,,662,kuzeykurt200,3048,True Direction,Open,2 years ago,Battle!,
662,,663,Anoner654,3048,,Open,8 years ago,Battle!,
663,,664,Minato the yellow flash ‚ö°,3048,The Slayers,11-14,2 years ago,Battle!,
664,,665,Pasha225,3047,Dragonborn,Open,4 years ago,Battle!,
665,,666,Mighty9thward,3047,Dragonborn,Open,6 years ago,Battle!,
666,,667,qjleny,3046,HyperX,11-14,2 years ago,Battle!,
667,,668,Isah4,3045,W Ty,Open,2 years ago,Battle!,
668,,669,alex6295,3044,The Slayers,Open,2 years ago,Battle!,
669,,670,jokajinx,3043,The Slayers,Open,6 years ago,Battle!,
670,,671,zakwhite1,3043,The Slayers,Open,2 years ago,Battle!,
671,,672,Cayden999,3043,Wakanda,Open,5 years ago,Battle!,
672,,673,ookboxthegreat,3042,,Open,2 years ago,Battle!,
673,,674,zento8,3042,HyperX,Open,a year ago,Battle!,
674,,675,Yehonatan Neuman,3041,The Slayers,Open,2 years ago,Battle!,
675,,676,Bryce,3040,,Open,3 months ago,Battle!,
676,,677,Catastrophicallynice,3038,Dragonborn,Open,2 years ago,Battle!,
677,,678,NatsuTeaSufferu,3037,HyperX,Open,2 years ago,Battle!,
678,,679,JIRM,3035,Ian123456789,Open,6 years ago,Battle!,
679,,680,spinomark,3035,Die K√§mpfer,Open,3 years ago,Battle!,
680,,681,urbanos,3034,,Open,a year ago,Battle!,
681,,682,AlexanderMaz,3031,Death To The Enemies,Open,10 months ago,Battle!,
682,,683,jnalbach,3030,HyperX,Open,a year ago,Battle!,
683,,684,andres258,3026,The Slayers,Open,2 years ago,Battle!,
684,,685,shiuanjyh,3025,ÂúãË™û,Open,2 years ago,Battle!,
685,,686,04dolcer,3025,Hyrule Warriors,Open,6 years ago,Battle!,
686,,687,DragonX57,3024,Dragonborn,11-14,2 years ago,Battle!,
687,,688,dikbok,3022,The Slayers,11-14,2 months ago,Battle!,
688,,689,kimstar43215,3022,The Slayers,Open,6 years ago,Battle!,
689,,690,Nathan851,3022,Nathan12,Open,5 years ago,Battle!,
690,,691,haw78,3021,Wolf Clan 101,0-11,2 years ago,Battle!,
691,,692,rimgro,3020,The Slayers,Open,5 years ago,Battle!,
692,,693,Kojiro1110,3019,,Open,4 years ago,Battle!,
693,,694,Zolvio,3018,Pewdiepie,Open,7 years ago,Battle!,
694,,695,OwenG1027,3017,,Open,2 years ago,Battle!,
695,,696,annaR,3015,Pewdiepie,Open,7 years ago,Battle!,
696,,697,Jie Xiang,3014,Ace Of Coders,Open,8 years ago,Battle!,
697,,698,H.P.B.L,3013,HyperX,Open,a month ago,Battle!,
698,,699,ian676,3012,The Slayers,Open,2 years ago,Battle!,
699,,700,Yo in the HOOUUUSSE,3011,,Open,2 years ago,Battle!,
700,,701,Frappuccinooooooo,3011,,Open,8 years ago,Battle!,
701,,702,yizhu,3007,The Slayers,Open,3 years ago,Battle!,
702,,703,atharvrawat,3006,The Slayers,Open,a year ago,Battle!,
703,,704,JerryP,3004,,Open,8 years ago,Battle!,
704,,705,rrcode,3004,,Open,4 years ago,Battle!,
705,,706,tcssr_ngovekar,3003,,Open,3 years ago,Battle!,
706,,707,MishaStrakhal,2999,Misga,14-18,2 years ago,Battle!,
707,,708,gamergalegho,2997,Dragonborn,Open,6 years ago,Battle!,
708,,709,lunawarea,2995,,Open,5 years ago,Battle!,
709,,710,Jack cole,2994,1105,Open,3 years ago,Battle!,
710,,711,S√ºper Kodlamacƒ±,2994,The Slayers,Open,5 years ago,Battle!,
711,,712,Ingyu,2992,Bohemians,Open,8 years ago,Battle!,
712,,713,Zahn,2989,,Open,6 years ago,Battle!,
713,,714,Michael17032011,2987,The Slayers,Open,2 years ago,Battle!,
714,,715,Ty107,2987,FalconArmy7,Open,8 years ago,Battle!,
715,,716,Jefficus,2986,ACA Savages,Open,5 years ago,Battle!,
716,,717,dario48,2985,Dario48,Open,4 years ago,Battle!,
717,,718,Mariano Teodoro Ortega Nevarez,2983,Tecmilenio - Chihuahua,0-11,4 months ago,Battle!,
718,,719,zamanismail,2983,Okars Stompfoots,Open,3 years ago,Battle!,
719,,720,Liu Ya,2981,NJC Coders,Open,4 years ago,Battle!,
720,,721,Liliana2009,2981,The Kithgard Army,Open,4 years ago,Battle!,
721,,722,theabsolutebeast,2979,The Slayers,Open,5 years ago,Battle!,
722,,723,Curlheinz,2978,,Open,2 years ago,Battle!,
723,,724,d_Arklrd€ûìÇÄ,2975,HyperX,14-18,6 months ago,Battle!,
724,,725,SRNI,2974,,Open,5 years ago,Battle!,
725,,726,rorikf,2973,The Yeetsome,Open,3 years ago,Battle!,
726,,727,PizhOlolo,2973,–ì–∞–≤–Ω–æ–ø—Ä–æ–≥—Ä–∏–º–∏—Å—Ç—ã!,Open,6 years ago,Battle!,
727,,728,24mgreco,2967,GrecoClan,Open,5 years ago,Battle!,
728,,729,JamesDaHaXoR,2966,,Open,6 years ago,Battle!,
729,,730,THE#1#1Rya!,2966,Combact Coders,Open,4 years ago,Battle!,
730,,731,kyle.han7,2966,The Slayers,Open,7 years ago,Battle!,
731,,732,Webix24,2965,WeAreTheQueens,Open,8 months ago,Battle!,
732,,733,airhand,2964,The Slayers,Open,5 years ago,Battle!,
733,,734,chunckyPeon,2964,,Open,7 months ago,Battle!,
734,,735,dragonnight44,2959,,Open,4 years ago,Battle!,
735,,736,Carlos Wong,2958,Carlos Wong,Open,7 years ago,Battle!,
736,,737,Mr-Borges,2957,Mr. Borges' Class 2018-2019,Open,6 years ago,Battle!,
737,,738,catattack50,2955,HyperX,Open,2 years ago,Battle!,
738,,739,Knight-Alexander,2954,HyperX,Open,2 years ago,Battle!,
739,,740,sebastian404,2952,Another,11-14,2 years ago,Battle!,
740,,741,BrownBearTw,2952,Ybtrdhtrdhet,Open,4 years ago,Battle!,
741,,742,mardvagheii,2951,The Slayers,11-14,a year ago,Battle!,
742,,743,Forchellius,2945,Thunderstorm,Open,5 years ago,Battle!,
743,,744,Eragon25,2945,Dragonborn,Open,4 months ago,Battle!,
744,,745,mutsu,2944,SanmaÔºÅ,Open,a year ago,Battle!,
745,,746,Batuhan80,2941,,Open,3 years ago,Battle!,
746,,747,familie-block,2941,,Open,7 months ago,Battle!,
747,,748,StaticElectricity,2941,Striker Fighters,Open,3 years ago,Battle!,
748,,749,yemine07,2940,Dragonborn,Open,6 years ago,Battle!,
749,,750,GeorgeNeeb,2936,The Neebs,Open,3 years ago,Battle!,
750,,751,ArtDes,2935,The Slayers,Open,5 years ago,Battle!,
751,,752,Ïù¥Ï∞ΩÎØº,2934,The Slayers,Open,2 years ago,Battle!,
752,,753,shish kebab,2933,The Trojans,Open,5 years ago,Battle!,
753,,754,iheartmemphis,2933,The Slayers,Open,7 years ago,Battle!,
754,,755,JuampyXnaker,2932,The Slayers,Open,6 years ago,Battle!,
755,,756,Hero10000,2931,,Open,2 years ago,Battle!,
756,,757,the potion,2927,The Slayers,Open,2 years ago,Battle!,
757,,758,alhong,2925,The Slayers,Open,5 months ago,Battle!,
758,,759,Drdinobub4,2924,Team Ogre,Open,2 years ago,Battle!,
759,,760,Big,2919,HyperX,Open,2 years ago,Battle!,
760,,761,thelegendary175,2918,Legendary Coding,Open,7 years ago,Battle!,
761,,762,The fast runner?/||,2918,HyperX,0-11,2 months ago,Battle!,
762,,763,,2915,Homeschool,Open,2 years ago,Battle!,
763,,764,ÈÑ≠ÊàêÂäü,2915,,Open,4 years ago,Battle!,
764,,765,RAY YEE,2914,Pg O,Open,5 years ago,Battle!,
765,,766,Ivo_1,2914,The Slayers,Open,2 months ago,Battle!,
766,,767,ALIBABA#100,2913,The Slayers,Open,4 years ago,Battle!,
767,,768,hi560,2910,Team Unstoppable,Open,2 years ago,Battle!,
768,,769,Natecj,2909,,Open,8 years ago,Battle!,
769,,770,Michael Farmer,2909,,14-18,2 years ago,Battle!,
770,,771,ddd1234,2909,The Slayers,14-18,a year ago,Battle!,
771,,772,Ficial2006,2905,The Slayers,Open,4 years ago,Battle!,
772,,773,Dawid_the_warrior,2905,Rafal,Open,a year ago,Battle!,
773,,774,liniishii,2904,Liniihow,11-14,3 years ago,Battle!,
774,,775,Santiago Chavez Alvarado,2904,Tecmilenio - Chihuahua,Open,4 months ago,Battle!,
775,,776,r1b,2903,HyperX,11-14,a month ago,Battle!,
776,,777,trappolista,2901,,Open,8 years ago,Battle!,
777,,778,veldon,2900,,Open,7 years ago,Battle!,
778,,779,ÁéãÂ≥ª‰øû,2898,,Open,7 years ago,Battle!,
779,,780,Art_2020,2896,HyperX,Open,a year ago,Battle!,
780,,781,Chickengirl123,2895,,Open,a year ago,Battle!,
781,,782,artmyros,2894,,Open,2 years ago,Battle!,
782,,783,Majduldeen,2894,,Open,3 years ago,Battle!,
783,,784,arsenygolubkov,2893,The Slayers,Open,2 years ago,Battle!,
784,,785,Stuntkite,2892,,Open,8 years ago,Battle!,
785,,786,GMBoucher,2892,Hyrule Warriors,Open,3 years ago,Battle!,
786,,787,teiruteiru,2890,,Open,4 years ago,Battle!,
787,,788,Cabinying,2890,,Open,2 years ago,Battle!,
788,,789,VladimirIs,2890,The Slayers,Open,4 years ago,Battle!,
789,,790,geonhoking,2889,5th Grade,Open,a year ago,Battle!,
790,,791,Luke,2886,,Open,6 years ago,Battle!,
791,,792,rainbowlite,2885,Al-Shabaab,Open,7 years ago,Battle!,
792,,793,Minh2007,2884,The Slayers,Open,5 years ago,Battle!,
793,,794,Determinator Gladiator,2882,Ogre Slaylers,Open,6 years ago,Battle!,
794,,795,Robocode96,2879,,Open,4 years ago,Battle!,
795,,796,Eden21,2878,The Slayers,Open,2 years ago,Battle!,
796,,797,Chris and Kathy,2873,,Open,3 months ago,Battle!,
797,,798,RonnieCheng,2873,,Open,5 years ago,Battle!,
798,,799,fox60,2873,Woodham,Open,6 years ago,Battle!,
799,,800,yodka,2869,Codewin,Open,2 years ago,Battle!,
800,,801,MadTroll,2868,,Open,8 years ago,Battle!,
801,,802,Aski-kun,2867,The Slayers,Open,7 years ago,Battle!,
802,,803,jakub.marek,2867,The Legions Of Awesomness,Open,6 years ago,Battle!,
803,,804,Yee Chun Chan,2866,The Slayers,Open,a year ago,Battle!,
804,,805,Brayden65,2866,,Open,8 years ago,Battle!,
805,,806,Reed,2865,The Slayers,Open,2 years ago,Battle!,
806,,807,Chen1013,2864,The Slayers,11-14,8 months ago,Battle!,
807,,808,Rowan80,2862,Revenge Of The Wizard,Open,5 years ago,Battle!,
808,,809,Dayyan Eshan Ariq,2862,Indonesian Clan Only,Open,5 years ago,Battle!,
809,,810,Pakahontas,2861,The Slayers,Open,7 years ago,Battle!,
810,,811,-=koksh=-,2860,,Open,4 years ago,Battle!,
811,,812,MCoderRocks,2858,Redeemers,Open,2 years ago,Battle!,
812,,813,I_am_Taymoneyüíµ100,2856,Taymoneyüíµ Squad ü§üüèæ,Open,3 years ago,Battle!,
813,,814,zy914,2853,Hyrule Warriors,Open,3 years ago,Battle!,
814,,815,Carter P.5,2852,RCHS Dungeon Dueler,Open,8 years ago,Battle!,
815,,816,I SPEAK GIBBERISH,2852,The Slayers,Open,3 years ago,Battle!,
816,,817,st4,2850,The Slayers,Open,5 years ago,Battle!,
817,,818,david_burg,2849,The Shadower,Open,3 years ago,Battle!,
818,,819,mexicono,2849,Hennessy Hunters,Open,6 years ago,Battle!,
819,,820,pyguyofdoom,2847,,Open,8 years ago,Battle!,
820,,821,jpulley111,2846,,Open,7 years ago,Battle!,
821,,822,GikiTiki,2846,,Open,2 years ago,Battle!,
822,,823,deepareddy10,2846,The Attacker,Open,2 years ago,Battle!,
823,,824,tattu,2845,The Slayers,Open,6 years ago,Battle!,
824,,825,TGMarvin,2845,,Open,6 years ago,Battle!,
825,,826,Player Player,2844,,Open,8 years ago,Battle!,
826,,827,VarvaraV,2843,,Open,5 months ago,Battle!,
827,,828,atpw25,2840,,Open,6 years ago,Battle!,
828,,829,ZumiP,2833,,Open,6 years ago,Battle!,
829,,830,FierceTigerCoder,2832,HyperX,Open,a year ago,Battle!,
830,,831,kelseypuffin,2832,The Slayers,Open,3 years ago,Battle!,
831,,832,Paul,2831,WD3 THS Mr. Galvao Web Design III,Open,3 months ago,Battle!,
832,,833,jkarras,2831,HyperX,0-11,7 months ago,Battle!,
833,,834,Daniel,2831,STEM Workshop,Open,6 months ago,Battle!,
834,,835,mistermeowl00o7,2825,IronSpider5,Open,3 years ago,Battle!,
835,,836,Sylvas31,2823,Combat Du Codeur,Open,4 years ago,Battle!,
836,,837,WyattKiller,2823,Dragonborn,Open,6 years ago,Battle!,
837,,838,Jesus is my king!,2822,The.Army();,Open,4 years ago,Battle!,
838,,839,Osseus,2821,APTs,Open,8 years ago,Battle!,
839,,840,brooksy125,2821,,Open,3 years ago,Battle!,
840,,841,Arthur T,2820,The Simle Spartans!,Open,17 days ago,Battle!,
841,,842,dark-super-ninja,2816,,0-11,2 years ago,Battle!,
842,,843,cokoye,2816,Whitworth Warriors,Open,7 years ago,Battle!,
843,,844,makani2011,2814,The Slayers,Open,3 years ago,Battle!,
844,,845,CalLib28434,2813,Team DerBezt,Open,2 years ago,Battle!,
845,,846,Zippinger,2811,The Slayers,Open,2 years ago,Battle!,
846,,847,NightSlayer17,2810,Dragonborn,Open,5 years ago,Battle!,
847,,848,tigerjade001,2807,The Slayers,Open,6 years ago,Battle!,
848,,849,tkeerthana,2804,NJC Coders,Open,6 years ago,Battle!,
849,,850,Roach135,2804,,Open,8 years ago,Battle!,
850,,851,sniperbuddy1160,2802,,Open,6 years ago,Battle!,
851,,852,awesomeness84097,2799,The Slayers,Open,6 years ago,Battle!,
852,,853,tarun01,2799,,Open,3 years ago,Battle!,
853,,854,peneye,2799,,Open,2 years ago,Battle!,
854,,855,Ellenion,2798,Varganauts,14-18,2 years ago,Battle!,
855,,856,Player Player,2797,,Open,8 years ago,Battle!,
856,,857,DrunkenCamel,2797,,Open,8 years ago,Battle!,
857,,858,mattydude,2797,HyperX,Open,10 months ago,Battle!,
858,,859,Sol-Awesome,2794,Noun,Open,2 years ago,Battle!,
859,,860,Bit0_0,2794,Team Bit0_0,Open,3 years ago,Battle!,
860,,861,–¥–∞–Ω–∏–ª356672,2793,Hwschool,Open,2 years ago,Battle!,
861,,862,kthxbye,2792,The Slayers,Open,4 years ago,Battle!,
862,,863,dailinyang,2791,Yangs,Open,2 years ago,Battle!,
863,,864,ICE-HKP-test1,2785,ICE Challenge 2022 Hong Kong Island Screening Round,0-11,9 months ago,Battle!,
864,,865,James1326,2784,EasyShortrangeNomagicSwordWarriorHeroes,Open,a year ago,Battle!,
865,,866,Nick60 Archers,2780,ÂÖâÂæ©ÂúãÂ∞è,Open,8 years ago,Battle!,
866,,867,LegendexTheBest,2780,The Slayers,Open,6 years ago,Battle!,
867,,868,HELLO571,2780,,Open,6 years ago,Battle!,
868,,869,stu.phongdh.01164,2778,GE_Army,Open,5 months ago,Battle!,
869,,870,ADAM WEST,2775,Heavy Coders Elite,Open,7 years ago,Battle!,
870,,871,l163r0,2775,,Open,8 years ago,Battle!,
871,,872,ThomasRK,2773,Dragonborn,Open,5 years ago,Battle!,
872,,873,chaluflo,2772,Passer,Open,a year ago,Battle!,
873,,874,Awesome2011,2768,Do Not Join Please,Open,a year ago,Battle!,
874,,875,ericplinlin,2766,Hyrule Warriors,Open,5 years ago,Battle!,
875,,876,Codehimn,2765,Example Clan,Open,a year ago,Battle!,
876,,877,CubCode,2765,,Open,4 years ago,Battle!,
877,,878,LisaTer777,2764,,Open,2 years ago,Battle!,
878,,879,owen0719,2762,Pewdiepie,Open,2 years ago,Battle!,
879,,880,FrecklesForever,2762,,Open,4 years ago,Battle!,
880,,881,KKJJ0987,2761,Big Big Chungus,Open,8 months ago,Battle!,
881,,882,Mzreiq,2761,The Slayers,Open,3 years ago,Battle!,
882,,883,just cool6,2760,The Slayers,Open,10 months ago,Battle!,
883,,884,flames321,2757,Dragonborn,Open,3 years ago,Battle!,
884,,885,mehmetefe,2756,Kankalar Fast DM,Open,2 years ago,Battle!,
885,,886,reubreu41,2756,The Slayers,Open,5 years ago,Battle!,
886,,887,AliAsghar3121,2751,The Slayers,Open,4 years ago,Battle!,
887,,888,rphl,2750,,Open,8 years ago,Battle!,
888,,889,szymon88,2750,Szymi,Open,6 years ago,Battle!,
889,,890,CombatQueen07,2749,Heroes To The Rescue!,Open,5 years ago,Battle!,
890,,891,lapras23,2748,Leo23,Open,2 months ago,Battle!,
891,,892,f0mster,2745,Just For Test,Open,3 years ago,Battle!,
892,,893,PuRpLeShEp,2745,Wildcats,Open,7 years ago,Battle!,
893,,894,AnSeDra,2744,Team Unstoppable,Open,2 years ago,Battle!,
894,,895,carter008,2743,,Open,7 years ago,Battle!,
895,,896,maciupek,2741,Team DerBezt,Open,8 months ago,Battle!,
896,,897,Keegan,2740,Adilson Galvao,Open,3 months ago,Battle!,
897,,898,sr71cw,2734,Wolf Clan 101,Open,3 years ago,Battle!,
898,,899,Catsync,2733,Grim Determination,Open,8 years ago,Battle!,
899,,900,bamss,2731,Dragonborn,Open,5 years ago,Battle!,
900,,901,ICE-KLNP-0319,2730,ICE Challenge 2022 Kowloon Screening Round,11-14,a year ago,Battle!,
901,,902,splaton,2728,Ace Of Coders,Open,5 years ago,Battle!,
902,,903,Victoria0430,2727,Jsv,0-11,2 years ago,Battle!,
903,,904,eletriccat,2725,HyperX,11-14,a year ago,Battle!,
904,,905,Serenity Soon,2723,Ace Of Coders,Open,8 years ago,Battle!,
905,,906,baraq,2720,The Slayers,Open,7 years ago,Battle!,
906,,907,KyberBlood67,2719,Dragonborn,Open,4 years ago,Battle!,
907,,908,amy6509,2717,The Slayers,Open,2 years ago,Battle!,
908,,909,AnudeepPasupuleti,2711,,Open,5 years ago,Battle!,
909,,910,Pranshu Gupta,2711,,Open,3 years ago,Battle!,
910,,911,jamesdepro,2709,The Slayers,Open,5 years ago,Battle!,
911,,912,pawluca,2709,Knights Of The Square Table,Open,2 years ago,Battle!,
912,,913,Eagle_07,2706,The Slayers,Open,8 months ago,Battle!,
913,,914,velvet1230,2704,The Slayers,Open,5 years ago,Battle!,
914,,915,jmteo,2704,,Open,4 years ago,Battle!,
915,,916,AlexLuu,2698,The Slayers,Open,a month ago,Battle!,
916,,917,ragulbalaji,2693,Ace Of Coders,Open,8 years ago,Battle!,
917,,918,misteryboyx,2690,TJHS_Gr8_Bronchos,Open,5 years ago,Battle!,
918,,919,elbarae1,2687,Donjon De Kighard,Open,5 years ago,Battle!,
919,,920,Awesome4480,2682,,Open,a year ago,Battle!,
920,,921,the_coder058,2681,HyperX,Open,2 years ago,Battle!,
921,,922,petervg,2680,HyperX,0-11,2 years ago,Battle!,
922,,923,Akisame,2680,‰πÉÂøÉ ÈÑ≠,Open,5 months ago,Battle!,
923,,924,Cheong Jun Hao,2674,INCamp 2015 Sec 1s,Open,8 years ago,Battle!,
924,,925,Yakobus,2670,Patrick Clan,Open,4 years ago,Battle!,
925,,926,tottenham10,2668,Tottenham 10,Open,2 years ago,Battle!,
926,,927,bmantheman,2666,The Slayers,Open,8 years ago,Battle!,
927,,928,KyeHong529,2664,Ishraq'S Clan,Open,5 months ago,Battle!,
928,,929,cydonmaster,2663,Zombieskulls,Open,2 years ago,Battle!,
929,,930,rwt5m4,2661,Defenders Of The Diamondback,Open,3 years ago,Battle!,
930,,931,chicken07,2660,The Slayers,Open,6 years ago,Battle!,
931,,932,Ryan the warrior,2659,The Slayers,Open,7 years ago,Battle!,
932,,933,jhresytgh,2654,The Slayers,Open,2 years ago,Battle!,
933,,934,ocean777,2650,,Open,8 years ago,Battle!,
934,,935,marre99,2642,,Open,5 years ago,Battle!,
935,,936,Bandi9,2641,Heros90,Open,6 years ago,Battle!,
936,,937,Phi phi again,2637,Ms. Mackay'S Students,14-18,2 years ago,Battle!,
937,,938,Lord of Codewar,2635,The Super Boys,Open,5 years ago,Battle!,
938,,939,briang2010,2631,The Slayers,Open,2 years ago,Battle!,
939,,940,Kyle W,2630,King Kong,Open,6 years ago,Battle!,
940,,941,Nick15 Towers,2629,,Open,8 years ago,Battle!,
941,,942,dinosaur21,2626,The Slayers,Open,5 years ago,Battle!,
942,,943,Sptifiredragon1,2624,NJC Coders,Open,4 years ago,Battle!,
943,,944,raymonddeck,2622,Goliaths,Open,a year ago,Battle!,
944,,945,WCZe0,2620,DAVE Ugrandan Cell,Open,5 years ago,Battle!,
945,,946,Niktee,2612,The Slayers,Open,2 years ago,Battle!,
946,,947,Player Player,2611,,Open,8 years ago,Battle!,
947,,948,12554744,2597,Jas!@#$%^%$#@,Open,5 years ago,Battle!,
948,,949,vatsal298,2590,Codealgorithyms,Open,5 years ago,Battle!,
949,,950,weary,2588,Team Unstoppable,Open,3 years ago,Battle!,
950,,951,Julix91,2588,,Open,3 years ago,Battle!,
951,,952,SocialBlunder,2574,,Open,8 years ago,Battle!,
952,,953,BUSTER111,2572,The Slayers,Open,7 years ago,Battle!,
953,,954,alex311G,2571,,Open,2 years ago,Battle!,
954,,955,1100446,2562,,Open,4 years ago,Battle!,
955,,956,masternoscope,2560,Otumoetai Intermediate - New Zealand,Open,5 years ago,Battle!,
956,,957,Preston743,2550,8th Period,0-11,3 months ago,Battle!,
957,,958,Code,2541,Example Clan,Open,5 years ago,Battle!,
958,,959,jimy4,2530,The Slayers,Open,6 years ago,Battle!,
959,,960,Scotus,2528,,Open,8 years ago,Battle!,
960,,961,Player Player,2516,,Open,6 years ago,Battle!,
961,,962,ailexxx,2497,,Open,4 years ago,Battle!,
962,,963,bob7bob2,2484,Knight Of The Blood,Open,6 years ago,Battle!,
963,,964,Lord_Cyber,2482,Code Tacticians,Open,6 years ago,Battle!,
964,,965,pzhao,2481,5Acodecombat,Open,6 years ago,Battle!,
965,,966,Briancodes,2456,,Open,5 years ago,Battle!,
966,,967,sighpiebanana,2455,ALSET Team,Open,5 years ago,Battle!,
967,,968,opensan,2450,,Open,8 years ago,Battle!,
968,,969,hi972,2442,Humans409,Open,5 years ago,Battle!,
969,,970,Chen brian,2438,,Open,5 years ago,Battle!,
970,,971,sedrr,2423,Sedrr≈Øv Klan,Open,6 years ago,Battle!,
971,,972,ianfofo,2417,Popop,Open,5 years ago,Battle!,
972,,973,jesuce,2393,Cochon,Open,6 years ago,Battle!,
973,,974,ExPatron,2388,JSTeam,Open,6 years ago,Battle!,
974,,975,coals0,2386,Demons From Below,Open,6 years ago,Battle!,
975,,976,peter100,2381,Dragonborn,Open,a year ago,Battle!,
976,,977,Íµ¨ÌòÑÏö∞,2373,The Slayers,Open,6 years ago,Battle!,
977,,978,The Black Snake,2369,Snake Fighters,Open,5 years ago,Battle!,
978,,979,vvforever,2365,,Open,5 years ago,Battle!,
979,,980,jackinloadup,2354,The Slayers,Open,6 years ago,Battle!,
980,,981,Player Player,2328,,Open,7 years ago,Battle!,
981,,982,freeguccisupreme,2327,Free Gucci,Open,6 years ago,Battle!,
982,,983,BlinkyBill198,2324,BlinkyBill198,Open,3 years ago,Battle!,
983,,984,Nnorak,2306,Morris Pros,Open,8 years ago,Battle!,
984,,985,Nerchio,2288,,Open,8 years ago,Battle!,
985,,986,GoldRafi,2282,√âljenek A Magyarok,Open,5 years ago,Battle!,
986,,987,Coder505,2259,,Open,6 years ago,Battle!,
987,,988,Vlad12304,2256,,Open,5 years ago,Battle!,
988,,989,KaiDuck,2255,The Slayers,Open,6 years ago,Battle!,
989,,990,ManuMoni,2247,Dragon Attackers,Open,5 years ago,Battle!,
990,,991,qwerty300,2215,The Slayers,Open,6 years ago,Battle!,
991,,992,patboy,2215,The Slayers,Open,6 years ago,Battle!,
992,,993,Malachi Eboda,2203,No Homo-Sapiens,Open,5 years ago,Battle!,
993,,994,jackcepticeye232,2201,Dragon Ryuga,Open,6 years ago,Battle!,
994,,995,KimMilvang,2190,,Open,8 years ago,Battle!,
995,,996,gabriel1020,2179,Beardfacevikings,Open,7 years ago,Battle!,
996,,997,Yeng Kue,2175,ÂÖâÂæ©ÂúãÂ∞è,Open,6 years ago,Battle!,
997,,998,Misgana,2127,TheWhittierWolverines,Open,6 years ago,Battle!,
998,,999,K√∂niggurke,2115,Hattory,Open,3 years ago,Battle!,
999,,1000,TheInfiniteLoop,2104,,Open,8 years ago,Battle!,
1000,,1001,ahmed171,2096,The Slayers,Open,4 years ago,Battle!,
1001,,1002,chris0222,2045,The Slayers,Open,6 years ago,Battle!,
1002,,1003,Sergey Pavlov,2044,The Slayers,Open,6 years ago,Battle!,
1003,,1004,Avi Gurjar,2043,,Open,5 years ago,Battle!,
1004,,1005,FireWraith64,2036,The Death To All,Open,7 years ago,Battle!,
1005,,1006,lofan,1973,The Griggonians,Open,5 years ago,Battle!,
1006,,1007,Scorpion.INC,1911,SST INC Sec 2s,Open,8 years ago,Battle!,
1007,,1008,Dylansweb,1849,,Open,8 years ago,Battle!,
1008,,1009,HitlerKing,1840,The Fourth Reich,Open,8 years ago,Battle!,
1009,,1010,Strydersbane,1813,Stryder'S Code Clan,Open,8 years ago,Battle!,
1010,,1011,Player Player,1652,,Open,8 years ago,Battle!,
1011,,1012,awu,1628,Sky Warriors,Open,8 years ago,Battle!,
1012,,1013,LucasPeixe,1283,,Open,8 years ago,Battle!,
1013,,1014,MountainRunner,1150,,Open,8 years ago,Battle!,
1014,,1015,Driphter,973,,Open,8 years ago,Battle!,
1015,,1016,DarthNato2,654,,Open,8 years ago,Battle!,
